{
  "best_metric": 0.36428049206733704,
  "best_model_checkpoint": "intent/models/all-lang-all/checkpoint-500",
  "epoch": 0.2692514808831449,
  "global_step": 500,
  "is_hyper_param_search": false,
  "is_local_process_zero": true,
  "is_world_process_zero": true,
  "log_history": [
    {
      "epoch": 0.27,
      "learning_rate": 4.5512475318614255e-05,
      "loss": 1.281,
      "step": 500
    },
    {
      "epoch": 0.27,
      "eval_accuracy": 0.9028619528619528,
      "eval_f1": 0.9028619528619528,
      "eval_loss": 0.36428049206733704,
      "eval_precision": 0.9028619528619528,
      "eval_recall": 0.9028619528619528,
      "eval_runtime": 169.8157,
      "eval_samples_per_second": 174.895,
      "eval_steps_per_second": 2.738,
      "step": 500
    }
  ],
  "max_steps": 5571,
  "num_train_epochs": 3,
  "total_flos": 765722001408000.0,
  "trial_name": null,
  "trial_params": null
}
